<?xml version="1.0" encoding="utf-8"?>
<VugenScriptMetadata>
  <ScriptName>UC4_WiewItenarary</ScriptName>
  <Protocol>Web - HTTP/HTML</Protocol>
  <ActionFiles>
    <FileEntry Name="vuser_init.c" Filter="2" />
    <FileEntry Name="Action.c" Filter="2" />
    <FileEntry Name="vuser_end.c" Filter="2" />
  </ActionFiles>
  <GeneralFiles>
    <FileEntry Name="UC4_WiewItenarary.usr" Filter="4" />
    <FileEntry Name="default.cfg" Filter="4" />
    <FileEntry Name="default.usp" Filter="4" />
    <FileEntry Name="UC4_WiewItenarary.prm" Filter="2" />
    <FileEntry Name="globals.h" Filter="2" />
    <FileEntry Name="combined_UC4_WiewItenarary.c" Filter="2" />
    <FileEntry Name="pre_cci.c" Filter="2" />
    <FileEntry Name="138042841440.idx" Filter="1" />
    <FileEntry Name="143814820440.idx" Filter="1" />
    <FileEntry Name="14381482044_1B4.181.idx" Filter="1" />
    <FileEntry Name="14381482044_3tg.955.idx" Filter="1" />
    <FileEntry Name="14381482044_7db.289.idx" Filter="1" />
    <FileEntry Name="14381482044_9YX.175.idx" Filter="1" />
    <FileEntry Name="14381482044_a2z.505.idx" Filter="1" />
    <FileEntry Name="14381482044_b6M.585.idx" Filter="1" />
    <FileEntry Name="14381482044_Bcz.505.idx" Filter="1" />
    <FileEntry Name="14381482044_C1O.629.idx" Filter="1" />
    <FileEntry Name="14381482044_CCZ.989.idx" Filter="1" />
    <FileEntry Name="14381482044_DjM.689.idx" Filter="1" />
    <FileEntry Name="14381482044_DZh.893.idx" Filter="1" />
    <FileEntry Name="14381482044_e31.91.idx" Filter="1" />
    <FileEntry Name="14381482044_E4r.845.idx" Filter="1" />
    <FileEntry Name="14381482044_ess.85.idx" Filter="1" />
    <FileEntry Name="14381482044_FqF.441.idx" Filter="1" />
    <FileEntry Name="14381482044_gHq.303.idx" Filter="1" />
    <FileEntry Name="14381482044_GKZ.583.idx" Filter="1" />
    <FileEntry Name="14381482044_GNU.577.idx" Filter="1" />
    <FileEntry Name="14381482044_gRR.527.idx" Filter="1" />
    <FileEntry Name="14381482044_iHY.861.idx" Filter="1" />
    <FileEntry Name="14381482044_IWo.901.idx" Filter="1" />
    <FileEntry Name="14381482044_IXg.87.idx" Filter="1" />
    <FileEntry Name="14381482044_L3O.973.idx" Filter="1" />
    <FileEntry Name="14381482044_L9V.869.idx" Filter="1" />
    <FileEntry Name="14381482044_lmg.987.idx" Filter="1" />
    <FileEntry Name="14381482044_MBk.489.idx" Filter="1" />
    <FileEntry Name="14381482044_NGH.819.idx" Filter="1" />
    <FileEntry Name="14381482044_NzM.767.idx" Filter="1" />
    <FileEntry Name="14381482044_oBB.741.idx" Filter="1" />
    <FileEntry Name="14381482044_OJt.77.idx" Filter="1" />
    <FileEntry Name="14381482044_oLL.309.idx" Filter="1" />
    <FileEntry Name="14381482044_P3l.533.idx" Filter="1" />
    <FileEntry Name="14381482044_p4Q.117.idx" Filter="1" />
    <FileEntry Name="14381482044_pZm.59.idx" Filter="1" />
    <FileEntry Name="14381482044_Qe6.847.idx" Filter="1" />
    <FileEntry Name="14381482044_sBV.225.idx" Filter="1" />
    <FileEntry Name="14381482044_TfL.871.idx" Filter="1" />
    <FileEntry Name="14381482044_WKf.279.idx" Filter="1" />
    <FileEntry Name="14381482044_XVt.221.idx" Filter="1" />
    <FileEntry Name="14381482044_zRR.281.idx" Filter="1" />
    <FileEntry Name="219319025440.idx" Filter="1" />
    <FileEntry Name="244196984440.idx" Filter="1" />
    <FileEntry Name="24419698444_anH.742.idx" Filter="1" />
    <FileEntry Name="24419698444_d7C.118.idx" Filter="1" />
    <FileEntry Name="24419698444_j5B.88.idx" Filter="1" />
    <FileEntry Name="24419698444_KK6.182.idx" Filter="1" />
    <FileEntry Name="24419698444_Kvf.974.idx" Filter="1" />
    <FileEntry Name="24419698444_L24.870.idx" Filter="1" />
    <FileEntry Name="24419698444_L8j.226.idx" Filter="1" />
    <FileEntry Name="24419698444_pW4.222.idx" Filter="1" />
    <FileEntry Name="24419698444_Rnq.690.idx" Filter="1" />
    <FileEntry Name="24419698444_sp0.586.idx" Filter="1" />
    <FileEntry Name="24419698444_T2B.534.idx" Filter="1" />
    <FileEntry Name="24419698444_wmP.304.idx" Filter="1" />
    <FileEntry Name="250161752440.idx" Filter="1" />
    <FileEntry Name="Bookmarks.xml" Filter="1" />
    <FileEntry Name="Breakpoints.xml" Filter="1" />
    <FileEntry Name="CompilerLogMetadata.xml" Filter="1" />
    <FileEntry Name="custom_body_variables.txt" Filter="1" />
    <FileEntry Name="logfile.log" Filter="1" />
    <FileEntry Name="lrw_custom_body.h" Filter="1" />
    <FileEntry Name="mdrv.log" Filter="1" />
    <FileEntry Name="mdrvsge.461.log" Filter="1" />
    <FileEntry Name="mdrvWqC.371.log" Filter="1" />
    <FileEntry Name="mdrv_cmd.txt" Filter="1" />
    <FileEntry Name="options.txt" Filter="1" />
    <FileEntry Name="output.bak" Filter="1" />
    <FileEntry Name="output.txt" Filter="1" />
    <FileEntry Name="OutputColoringDatabase.json" Filter="1" />
    <FileEntry Name="ReplaySummaryReport.xml" Filter="1" />
    <FileEntry Name="ScriptUploadMetadata.xml" Filter="1" />
    <FileEntry Name="TransactionsData.db" Filter="1" />
    <FileEntry Name="UC4_WiewItenarary.c.pickle" Filter="1" />
    <FileEntry Name="UC4_WiewItenarary.ci" Filter="1" />
    <FileEntry Name="UC4_WiewItenarary.prm.bak" Filter="1" />
    <FileEntry Name="UserTasks.xml" Filter="1" />
    <FileEntry Name="data\" Filter="1" />
    <FileEntry Name="result1\" Filter="1" />
  </GeneralFiles>
</VugenScriptMetadata>