<?xml version="1.0" encoding="utf-8"?>
<VugenScriptMetadata>
  <ScriptName>UC2_Login</ScriptName>
  <Protocol>Web - HTTP/HTML</Protocol>
  <ActionFiles>
    <FileEntry Name="vuser_init.c" Filter="2" />
    <FileEntry Name="Action.c" Filter="2" />
    <FileEntry Name="vuser_end.c" Filter="2" />
  </ActionFiles>
  <GeneralFiles>
    <FileEntry Name="UC2_Login.usr" Filter="4" />
    <FileEntry Name="default.cfg" Filter="4" />
    <FileEntry Name="default.usp" Filter="4" />
    <FileEntry Name="UC2_Login.prm" Filter="2" />
    <FileEntry Name="globals.h" Filter="2" />
    <FileEntry Name="WebSocketBuffer.h" Filter="2" />
    <FileEntry Name="combined_UC2_Login.c" Filter="2" />
    <FileEntry Name="pre_cci.c" Filter="2" />
    <FileEntry Name="244196984440.idx" Filter="1" />
    <FileEntry Name="24419698444_4n9.945.idx" Filter="1" />
    <FileEntry Name="24419698444_DIt.223.idx" Filter="1" />
    <FileEntry Name="24419698444_H5y.319.idx" Filter="1" />
    <FileEntry Name="24419698444_lbG.251.idx" Filter="1" />
    <FileEntry Name="24419698444_NXS.497.idx" Filter="1" />
    <FileEntry Name="24419698444_OWM.279.idx" Filter="1" />
    <FileEntry Name="24419698444_p8z.103.idx" Filter="1" />
    <FileEntry Name="24419698444_pF6.481.idx" Filter="1" />
    <FileEntry Name="24419698444_py0.411.idx" Filter="1" />
    <FileEntry Name="24419698444_QRr.843.idx" Filter="1" />
    <FileEntry Name="24419698444_QYw.843.idx" Filter="1" />
    <FileEntry Name="24419698444_rXh.123.idx" Filter="1" />
    <FileEntry Name="24419698444_TA4.865.idx" Filter="1" />
    <FileEntry Name="24419698444_UZN.973.idx" Filter="1" />
    <FileEntry Name="81661760440.idx" Filter="1" />
    <FileEntry Name="8166176044_0bJ.844.idx" Filter="1" />
    <FileEntry Name="8166176044_0Rv.252.idx" Filter="1" />
    <FileEntry Name="8166176044_2eT.104.idx" Filter="1" />
    <FileEntry Name="8166176044_3ft.946.idx" Filter="1" />
    <FileEntry Name="8166176044_3zG.280.idx" Filter="1" />
    <FileEntry Name="8166176044_ax7.412.idx" Filter="1" />
    <FileEntry Name="8166176044_dDL.320.idx" Filter="1" />
    <FileEntry Name="8166176044_jo0.974.idx" Filter="1" />
    <FileEntry Name="8166176044_KKS.482.idx" Filter="1" />
    <FileEntry Name="8166176044_kvd.124.idx" Filter="1" />
    <FileEntry Name="8166176044_L7Q.866.idx" Filter="1" />
    <FileEntry Name="8166176044_Og3.844.idx" Filter="1" />
    <FileEntry Name="8166176044_oWP.224.idx" Filter="1" />
    <FileEntry Name="8166176044_TQv.498.idx" Filter="1" />
    <FileEntry Name="Bookmarks.xml" Filter="1" />
    <FileEntry Name="Breakpoints.xml" Filter="1" />
    <FileEntry Name="CompilerLogMetadata.xml" Filter="1" />
    <FileEntry Name="logfile.log" Filter="1" />
    <FileEntry Name="mdrv.log" Filter="1" />
    <FileEntry Name="mdrvqbH.51.log" Filter="1" />
    <FileEntry Name="mdrv_cmd.txt" Filter="1" />
    <FileEntry Name="options.txt" Filter="1" />
    <FileEntry Name="output.bak" Filter="1" />
    <FileEntry Name="output.txt" Filter="1" />
    <FileEntry Name="OutputColoringDatabase.json" Filter="1" />
    <FileEntry Name="ReplaySummaryReport.xml" Filter="1" />
    <FileEntry Name="ScriptUploadMetadata.xml" Filter="1" />
    <FileEntry Name="TransactionsData.db" Filter="1" />
    <FileEntry Name="UC2_Login.c.pickle" Filter="1" />
    <FileEntry Name="UC2_Login.ci" Filter="1" />
    <FileEntry Name="UC2_Login.prm.bak" Filter="1" />
    <FileEntry Name="UserTasks.xml" Filter="1" />
    <FileEntry Name="data\" Filter="1" />
    <FileEntry Name="result1\" Filter="1" />
  </GeneralFiles>
</VugenScriptMetadata>