<?xml version="1.0" encoding="utf-8"?>
<VugenScriptMetadata>
  <ScriptName>UC1_BuyTickets</ScriptName>
  <Protocol>Web - HTTP/HTML</Protocol>
  <ActionFiles>
    <FileEntry Name="vuser_init.c" Filter="2" />
    <FileEntry Name="Action.c" Filter="2" />
    <FileEntry Name="vuser_end.c" Filter="2" />
  </ActionFiles>
  <GeneralFiles>
    <FileEntry Name="UC1_BuyTickets.usr" Filter="4" />
    <FileEntry Name="default.cfg" Filter="4" />
    <FileEntry Name="default.usp" Filter="4" />
    <FileEntry Name="UC1_BuyTickets.prm" Filter="2" />
    <FileEntry Name="globals.h" Filter="2" />
    <FileEntry Name="combined_UC1_BuyTickets.c" Filter="2" />
    <FileEntry Name="pre_cci.c" Filter="2" />
    <FileEntry Name="104495989440.idx" Filter="1" />
    <FileEntry Name="106759010440.idx" Filter="1" />
    <FileEntry Name="10675901044_apb.397.idx" Filter="1" />
    <FileEntry Name="10675901044_m3K.641.idx" Filter="1" />
    <FileEntry Name="127670978440.idx" Filter="1" />
    <FileEntry Name="12767097844_0aq.450.idx" Filter="1" />
    <FileEntry Name="12767097844_0Op.116.idx" Filter="1" />
    <FileEntry Name="12767097844_0U5.992.idx" Filter="1" />
    <FileEntry Name="12767097844_1cQ.506.idx" Filter="1" />
    <FileEntry Name="12767097844_1dS.438.idx" Filter="1" />
    <FileEntry Name="12767097844_1RM.449.idx" Filter="1" />
    <FileEntry Name="12767097844_2ME.338.idx" Filter="1" />
    <FileEntry Name="12767097844_2Q1.959.idx" Filter="1" />
    <FileEntry Name="12767097844_2T3.437.idx" Filter="1" />
    <FileEntry Name="12767097844_2ug.59.idx" Filter="1" />
    <FileEntry Name="12767097844_46W.855.idx" Filter="1" />
    <FileEntry Name="12767097844_4AH.628.idx" Filter="1" />
    <FileEntry Name="12767097844_4bA.394.idx" Filter="1" />
    <FileEntry Name="12767097844_4nQ.163.idx" Filter="1" />
    <FileEntry Name="12767097844_4YT.761.idx" Filter="1" />
    <FileEntry Name="12767097844_5DR.676.idx" Filter="1" />
    <FileEntry Name="12767097844_5gD.538.idx" Filter="1" />
    <FileEntry Name="12767097844_5GN.820.idx" Filter="1" />
    <FileEntry Name="12767097844_64j.699.idx" Filter="1" />
    <FileEntry Name="12767097844_6Lb.60.idx" Filter="1" />
    <FileEntry Name="12767097844_6Op.960.idx" Filter="1" />
    <FileEntry Name="12767097844_8Dv.782.idx" Filter="1" />
    <FileEntry Name="12767097844_8om.537.idx" Filter="1" />
    <FileEntry Name="12767097844_8ta.530.idx" Filter="1" />
    <FileEntry Name="12767097844_9wi.653.idx" Filter="1" />
    <FileEntry Name="12767097844_ABW.23.idx" Filter="1" />
    <FileEntry Name="12767097844_ady.398.idx" Filter="1" />
    <FileEntry Name="12767097844_AKD.635.idx" Filter="1" />
    <FileEntry Name="12767097844_aTw.301.idx" Filter="1" />
    <FileEntry Name="12767097844_aW4.152.idx" Filter="1" />
    <FileEntry Name="12767097844_BNq.418.idx" Filter="1" />
    <FileEntry Name="12767097844_BQH.538.idx" Filter="1" />
    <FileEntry Name="12767097844_bRK.139.idx" Filter="1" />
    <FileEntry Name="12767097844_Bzr.567.idx" Filter="1" />
    <FileEntry Name="12767097844_c0H.385.idx" Filter="1" />
    <FileEntry Name="12767097844_c51.684.idx" Filter="1" />
    <FileEntry Name="12767097844_Cef.337.idx" Filter="1" />
    <FileEntry Name="12767097844_cGf.397.idx" Filter="1" />
    <FileEntry Name="12767097844_cHT.762.idx" Filter="1" />
    <FileEntry Name="12767097844_ChW.845.idx" Filter="1" />
    <FileEntry Name="12767097844_cim.289.idx" Filter="1" />
    <FileEntry Name="12767097844_cOI.860.idx" Filter="1" />
    <FileEntry Name="12767097844_CV6.939.idx" Filter="1" />
    <FileEntry Name="12767097844_dDq.381.idx" Filter="1" />
    <FileEntry Name="12767097844_dgP.675.idx" Filter="1" />
    <FileEntry Name="12767097844_dwc.604.idx" Filter="1" />
    <FileEntry Name="12767097844_EAY.991.idx" Filter="1" />
    <FileEntry Name="12767097844_ECL.7.idx" Filter="1" />
    <FileEntry Name="12767097844_edt.991.idx" Filter="1" />
    <FileEntry Name="12767097844_eFo.151.idx" Filter="1" />
    <FileEntry Name="12767097844_emo.893.idx" Filter="1" />
    <FileEntry Name="12767097844_EnY.374.idx" Filter="1" />
    <FileEntry Name="12767097844_ETA.982.idx" Filter="1" />
    <FileEntry Name="12767097844_EtN.264.idx" Filter="1" />
    <FileEntry Name="12767097844_EUL.921.idx" Filter="1" />
    <FileEntry Name="12767097844_Fbp.819.idx" Filter="1" />
    <FileEntry Name="12767097844_fDF.994.idx" Filter="1" />
    <FileEntry Name="12767097844_Fe2.603.idx" Filter="1" />
    <FileEntry Name="12767097844_FkP.397.idx" Filter="1" />
    <FileEntry Name="12767097844_fs9.599.idx" Filter="1" />
    <FileEntry Name="12767097844_g00.973.idx" Filter="1" />
    <FileEntry Name="12767097844_g7g.856.idx" Filter="1" />
    <FileEntry Name="12767097844_GaN.263.idx" Filter="1" />
    <FileEntry Name="12767097844_GE7.258.idx" Filter="1" />
    <FileEntry Name="12767097844_GHz.652.idx" Filter="1" />
    <FileEntry Name="12767097844_gk0.739.idx" Filter="1" />
    <FileEntry Name="12767097844_GO5.140.idx" Filter="1" />
    <FileEntry Name="12767097844_gvg.244.idx" Filter="1" />
    <FileEntry Name="12767097844_gxl.386.idx" Filter="1" />
    <FileEntry Name="12767097844_HBV.250.idx" Filter="1" />
    <FileEntry Name="12767097844_HIA.859.idx" Filter="1" />
    <FileEntry Name="12767097844_Hu7.416.idx" Filter="1" />
    <FileEntry Name="12767097844_HXD.770.idx" Filter="1" />
    <FileEntry Name="12767097844_Hzd.378.idx" Filter="1" />
    <FileEntry Name="12767097844_I2E.469.idx" Filter="1" />
    <FileEntry Name="12767097844_i6K.249.idx" Filter="1" />
    <FileEntry Name="12767097844_IcS.243.idx" Filter="1" />
    <FileEntry Name="12767097844_iMU.383.idx" Filter="1" />
    <FileEntry Name="12767097844_IvX.398.idx" Filter="1" />
    <FileEntry Name="12767097844_J2J.453.idx" Filter="1" />
    <FileEntry Name="12767097844_j3F.183.idx" Filter="1" />
    <FileEntry Name="12767097844_jBH.324.idx" Filter="1" />
    <FileEntry Name="12767097844_jga.412.idx" Filter="1" />
    <FileEntry Name="12767097844_jvr.769.idx" Filter="1" />
    <FileEntry Name="12767097844_K0t.417.idx" Filter="1" />
    <FileEntry Name="12767097844_K4d.852.idx" Filter="1" />
    <FileEntry Name="12767097844_l4J.209.idx" Filter="1" />
    <FileEntry Name="12767097844_L7F.211.idx" Filter="1" />
    <FileEntry Name="12767097844_LAt.115.idx" Filter="1" />
    <FileEntry Name="12767097844_Lma.700.idx" Filter="1" />
    <FileEntry Name="12767097844_lpK.781.idx" Filter="1" />
    <FileEntry Name="12767097844_LTc.341.idx" Filter="1" />
    <FileEntry Name="12767097844_LXt.373.idx" Filter="1" />
    <FileEntry Name="12767097844_lyB.529.idx" Filter="1" />
    <FileEntry Name="12767097844_mCa.537.idx" Filter="1" />
    <FileEntry Name="12767097844_mcr.982.idx" Filter="1" />
    <FileEntry Name="12767097844_mHJ.588.idx" Filter="1" />
    <FileEntry Name="12767097844_MjH.940.idx" Filter="1" />
    <FileEntry Name="12767097844_mON.501.idx" Filter="1" />
    <FileEntry Name="12767097844_ncD.922.idx" Filter="1" />
    <FileEntry Name="12767097844_NIG.974.idx" Filter="1" />
    <FileEntry Name="12767097844_Nnn.415.idx" Filter="1" />
    <FileEntry Name="12767097844_nPZ.740.idx" Filter="1" />
    <FileEntry Name="12767097844_nsE.454.idx" Filter="1" />
    <FileEntry Name="12767097844_oSZ.993.idx" Filter="1" />
    <FileEntry Name="12767097844_ovU.282.idx" Filter="1" />
    <FileEntry Name="12767097844_oWK.393.idx" Filter="1" />
    <FileEntry Name="12767097844_P03.587.idx" Filter="1" />
    <FileEntry Name="12767097844_p4m.281.idx" Filter="1" />
    <FileEntry Name="12767097844_P4n.456.idx" Filter="1" />
    <FileEntry Name="12767097844_PBN.654.idx" Filter="1" />
    <FileEntry Name="12767097844_pHz.651.idx" Filter="1" />
    <FileEntry Name="12767097844_PUi.323.idx" Filter="1" />
    <FileEntry Name="12767097844_qGH.164.idx" Filter="1" />
    <FileEntry Name="12767097844_qPr.997.idx" Filter="1" />
    <FileEntry Name="12767097844_QUc.411.idx" Filter="1" />
    <FileEntry Name="12767097844_QXs.470.idx" Filter="1" />
    <FileEntry Name="12767097844_Qzs.269.idx" Filter="1" />
    <FileEntry Name="12767097844_rbI.563.idx" Filter="1" />
    <FileEntry Name="12767097844_RqP.846.idx" Filter="1" />
    <FileEntry Name="12767097844_RY7.455.idx" Filter="1" />
    <FileEntry Name="12767097844_RYS.411.idx" Filter="1" />
    <FileEntry Name="12767097844_s5M.342.idx" Filter="1" />
    <FileEntry Name="12767097844_sjl.365.idx" Filter="1" />
    <FileEntry Name="12767097844_sNA.24.idx" Filter="1" />
    <FileEntry Name="12767097844_SYB.981.idx" Filter="1" />
    <FileEntry Name="12767097844_tm3.505.idx" Filter="1" />
    <FileEntry Name="12767097844_tpR.981.idx" Filter="1" />
    <FileEntry Name="12767097844_tyZ.564.idx" Filter="1" />
    <FileEntry Name="12767097844_ube.384.idx" Filter="1" />
    <FileEntry Name="12767097844_uqy.257.idx" Filter="1" />
    <FileEntry Name="12767097844_UrE.366.idx" Filter="1" />
    <FileEntry Name="12767097844_uWJ.992.idx" Filter="1" />
    <FileEntry Name="12767097844_uXE.568.idx" Filter="1" />
    <FileEntry Name="12767097844_UXM.8.idx" Filter="1" />
    <FileEntry Name="12767097844_UYK.412.idx" Filter="1" />
    <FileEntry Name="12767097844_vwn.301.idx" Filter="1" />
    <FileEntry Name="12767097844_VxF.170.idx" Filter="1" />
    <FileEntry Name="12767097844_vXN.998.idx" Filter="1" />
    <FileEntry Name="12767097844_VxU.683.idx" Filter="1" />
    <FileEntry Name="12767097844_VYp.516.idx" Filter="1" />
    <FileEntry Name="12767097844_wD2.851.idx" Filter="1" />
    <FileEntry Name="12767097844_WSX.377.idx" Filter="1" />
    <FileEntry Name="12767097844_wZm.627.idx" Filter="1" />
    <FileEntry Name="12767097844_X4J.210.idx" Filter="1" />
    <FileEntry Name="12767097844_xAz.302.idx" Filter="1" />
    <FileEntry Name="12767097844_Y4k.600.idx" Filter="1" />
    <FileEntry Name="12767097844_y68.302.idx" Filter="1" />
    <FileEntry Name="12767097844_Y7s.100.idx" Filter="1" />
    <FileEntry Name="12767097844_YaC.502.idx" Filter="1" />
    <FileEntry Name="12767097844_YDI.99.idx" Filter="1" />
    <FileEntry Name="12767097844_yee.894.idx" Filter="1" />
    <FileEntry Name="12767097844_yJT.515.idx" Filter="1" />
    <FileEntry Name="12767097844_yNs.382.idx" Filter="1" />
    <FileEntry Name="12767097844_Yyf.212.idx" Filter="1" />
    <FileEntry Name="12767097844_YZ1.169.idx" Filter="1" />
    <FileEntry Name="12767097844_z6E.270.idx" Filter="1" />
    <FileEntry Name="12767097844_zLF.184.idx" Filter="1" />
    <FileEntry Name="17536748440.idx" Filter="1" />
    <FileEntry Name="185134852440.idx" Filter="1" />
    <FileEntry Name="211891899440.idx" Filter="1" />
    <FileEntry Name="212787189440.idx" Filter="1" />
    <FileEntry Name="229096818440.idx" Filter="1" />
    <FileEntry Name="239497084440.idx" Filter="1" />
    <FileEntry Name="250182397440.idx" Filter="1" />
    <FileEntry Name="262381250440.idx" Filter="1" />
    <FileEntry Name="5917872440.idx" Filter="1" />
    <FileEntry Name="66380361440.idx" Filter="1" />
    <FileEntry Name="6638036144_0tc.307.idx" Filter="1" />
    <FileEntry Name="6638036144_1iB.815.idx" Filter="1" />
    <FileEntry Name="6638036144_7aJ.595.idx" Filter="1" />
    <FileEntry Name="6638036144_7FQ.647.idx" Filter="1" />
    <FileEntry Name="6638036144_B4g.173.idx" Filter="1" />
    <FileEntry Name="6638036144_bhY.203.idx" Filter="1" />
    <FileEntry Name="6638036144_Bvv.659.idx" Filter="1" />
    <FileEntry Name="6638036144_CGq.745.idx" Filter="1" />
    <FileEntry Name="6638036144_dkG.283.idx" Filter="1" />
    <FileEntry Name="6638036144_fNB.457.idx" Filter="1" />
    <FileEntry Name="6638036144_GoF.221.idx" Filter="1" />
    <FileEntry Name="6638036144_HqI.601.idx" Filter="1" />
    <FileEntry Name="6638036144_IPK.139.idx" Filter="1" />
    <FileEntry Name="6638036144_ipU.535.idx" Filter="1" />
    <FileEntry Name="6638036144_iXz.321.idx" Filter="1" />
    <FileEntry Name="6638036144_Iza.517.idx" Filter="1" />
    <FileEntry Name="6638036144_Lqy.551.idx" Filter="1" />
    <FileEntry Name="6638036144_MK8.81.idx" Filter="1" />
    <FileEntry Name="6638036144_MnL.565.idx" Filter="1" />
    <FileEntry Name="6638036144_mqg.505.idx" Filter="1" />
    <FileEntry Name="6638036144_NeU.383.idx" Filter="1" />
    <FileEntry Name="6638036144_Nkd.9.idx" Filter="1" />
    <FileEntry Name="6638036144_ny2.335.idx" Filter="1" />
    <FileEntry Name="6638036144_o8g.299.idx" Filter="1" />
    <FileEntry Name="6638036144_pdG.661.idx" Filter="1" />
    <FileEntry Name="6638036144_qkg.642.idx" Filter="1" />
    <FileEntry Name="6638036144_rk7.91.idx" Filter="1" />
    <FileEntry Name="6638036144_UiY.765.idx" Filter="1" />
    <FileEntry Name="6638036144_V3R.398.idx" Filter="1" />
    <FileEntry Name="6638036144_xwO.951.idx" Filter="1" />
    <FileEntry Name="6638036144_YQM.649.idx" Filter="1" />
    <FileEntry Name="6638036144_ZGR.865.idx" Filter="1" />
    <FileEntry Name="6638036144_ziE.315.idx" Filter="1" />
    <FileEntry Name="6638036144_zJ8.869.idx" Filter="1" />
    <FileEntry Name="77581580440.idx" Filter="1" />
    <FileEntry Name="85123375440.idx" Filter="1" />
    <FileEntry Name="Bookmarks.xml" Filter="1" />
    <FileEntry Name="Breakpoints.xml" Filter="1" />
    <FileEntry Name="CompilerLogMetadata.xml" Filter="1" />
    <FileEntry Name="logfile.log" Filter="1" />
    <FileEntry Name="mdrv.log" Filter="1" />
    <FileEntry Name="mdrveKS.749.log" Filter="1" />
    <FileEntry Name="mdrv_cmd.txt" Filter="1" />
    <FileEntry Name="options.txt" Filter="1" />
    <FileEntry Name="output.bak" Filter="1" />
    <FileEntry Name="output.txt" Filter="1" />
    <FileEntry Name="OutputColoringDatabase.json" Filter="1" />
    <FileEntry Name="ReplaySummaryReport.xml" Filter="1" />
    <FileEntry Name="ScriptUploadMetadata.xml" Filter="1" />
    <FileEntry Name="TransactionsData.db" Filter="1" />
    <FileEntry Name="UC1_BuyTickets.c.pickle" Filter="1" />
    <FileEntry Name="UC1_BuyTickets.ci" Filter="1" />
    <FileEntry Name="UC1_BuyTickets.prm.bak" Filter="1" />
    <FileEntry Name="UserTasks.xml" Filter="1" />
    <FileEntry Name="data\" Filter="1" />
    <FileEntry Name="result1\" Filter="1" />
  </GeneralFiles>
</VugenScriptMetadata>