<?xml version="1.0" encoding="utf-8"?>
<VugenScriptMetadata>
  <ScriptName>UC1_BuyTickets</ScriptName>
  <Protocol>Web - HTTP/HTML</Protocol>
  <ActionFiles>
    <FileEntry Name="vuser_init.c" Filter="2" />
    <FileEntry Name="Action.c" Filter="2" />
    <FileEntry Name="vuser_end.c" Filter="2" />
  </ActionFiles>
  <GeneralFiles>
    <FileEntry Name="UC1_BuyTickets.usr" Filter="4" />
    <FileEntry Name="default.cfg" Filter="4" />
    <FileEntry Name="default.usp" Filter="4" />
    <FileEntry Name="UC1_BuyTickets.prm" Filter="2" />
    <FileEntry Name="globals.h" Filter="2" />
    <FileEntry Name="date.dat" Filter="2" />
    <FileEntry Name="address.dat" Filter="2" />
    <FileEntry Name="creditCard.dat" Filter="2" />
    <FileEntry Name="numPass.dat" Filter="2" />
    <FileEntry Name="password.dat" Filter="2" />
    <FileEntry Name="city.dat" Filter="2" />
    <FileEntry Name="seatingPreference.dat" Filter="2" />
    <FileEntry Name="typeOfSeat.dat" Filter="2" />
    <FileEntry Name="userName.dat" Filter="2" />
    <FileEntry Name="combined_UC1_BuyTickets.c" Filter="2" />
    <FileEntry Name="pre_cci.c" Filter="2" />
    <FileEntry Name="104495989440.idx" Filter="1" />
    <FileEntry Name="17536748440.idx" Filter="1" />
    <FileEntry Name="185134852440.idx" Filter="1" />
    <FileEntry Name="18513485244_6di.255.idx" Filter="1" />
    <FileEntry Name="18513485244_A6a.537.idx" Filter="1" />
    <FileEntry Name="18513485244_blP.143.idx" Filter="1" />
    <FileEntry Name="18513485244_C1f.367.idx" Filter="1" />
    <FileEntry Name="18513485244_dDK.807.idx" Filter="1" />
    <FileEntry Name="18513485244_gRc.781.idx" Filter="1" />
    <FileEntry Name="18513485244_i16.579.idx" Filter="1" />
    <FileEntry Name="18513485244_i5U.529.idx" Filter="1" />
    <FileEntry Name="18513485244_KhR.691.idx" Filter="1" />
    <FileEntry Name="18513485244_kO9.125.idx" Filter="1" />
    <FileEntry Name="18513485244_mjC.211.idx" Filter="1" />
    <FileEntry Name="18513485244_ohu.245.idx" Filter="1" />
    <FileEntry Name="18513485244_OmK.27.idx" Filter="1" />
    <FileEntry Name="18513485244_PIB.603.idx" Filter="1" />
    <FileEntry Name="18513485244_QQ0.463.idx" Filter="1" />
    <FileEntry Name="18513485244_qXd.621.idx" Filter="1" />
    <FileEntry Name="18513485244_QzL.465.idx" Filter="1" />
    <FileEntry Name="18513485244_rFP.801.idx" Filter="1" />
    <FileEntry Name="18513485244_Rgk.19.idx" Filter="1" />
    <FileEntry Name="18513485244_Tnh.367.idx" Filter="1" />
    <FileEntry Name="18513485244_uNb.877.idx" Filter="1" />
    <FileEntry Name="18513485244_WwI.225.idx" Filter="1" />
    <FileEntry Name="18513485244_Yc0.581.idx" Filter="1" />
    <FileEntry Name="18513485244_YEi.835.idx" Filter="1" />
    <FileEntry Name="18513485244_zh3.129.idx" Filter="1" />
    <FileEntry Name="18513485244_zQW.177.idx" Filter="1" />
    <FileEntry Name="212787189440.idx" Filter="1" />
    <FileEntry Name="226202432440.idx" Filter="1" />
    <FileEntry Name="229096818440.idx" Filter="1" />
    <FileEntry Name="262381250440.idx" Filter="1" />
    <FileEntry Name="66380361440.idx" Filter="1" />
    <FileEntry Name="77581580440.idx" Filter="1" />
    <FileEntry Name="85123375440.idx" Filter="1" />
    <FileEntry Name="Bookmarks.xml" Filter="1" />
    <FileEntry Name="Breakpoints.xml" Filter="1" />
    <FileEntry Name="CompilerLogMetadata.xml" Filter="1" />
    <FileEntry Name="data.zip" Filter="1" />
    <FileEntry Name="logfile.log" Filter="1" />
    <FileEntry Name="mdrv.log" Filter="1" />
    <FileEntry Name="mdrv_cmd.txt" Filter="1" />
    <FileEntry Name="NewParam.dat" Filter="1" />
    <FileEntry Name="options.txt" Filter="1" />
    <FileEntry Name="output.bak" Filter="1" />
    <FileEntry Name="output.txt" Filter="1" />
    <FileEntry Name="OutputColoringDatabase.json" Filter="1" />
    <FileEntry Name="ReplaySummaryReport.xml" Filter="1" />
    <FileEntry Name="ScriptUploadMetadata.xml" Filter="1" />
    <FileEntry Name="ThumbnailsCache.tmp" Filter="1" />
    <FileEntry Name="TransactionsData.db" Filter="1" />
    <FileEntry Name="UC1_BuyTickets.c.pickle" Filter="1" />
    <FileEntry Name="UC1_BuyTickets.ci" Filter="1" />
    <FileEntry Name="UC1_BuyTickets.prm.bak" Filter="1" />
    <FileEntry Name="UserTasks.xml" Filter="1" />
    <FileEntry Name="data\" Filter="1" />
    <FileEntry Name="result1\" Filter="1" />
  </GeneralFiles>
</VugenScriptMetadata>