<?xml version="1.0" encoding="utf-8"?>
<VugenScriptMetadata>
  <ScriptName>UC5_DeleteTicket</ScriptName>
  <Protocol>Web - HTTP/HTML</Protocol>
  <ActionFiles>
    <FileEntry Name="vuser_init.c" Filter="2" />
    <FileEntry Name="Action.c" Filter="2" />
    <FileEntry Name="vuser_end.c" Filter="2" />
  </ActionFiles>
  <GeneralFiles>
    <FileEntry Name="UC5_DeleteTicket.usr" Filter="4" />
    <FileEntry Name="default.cfg" Filter="4" />
    <FileEntry Name="default.usp" Filter="4" />
    <FileEntry Name="UC5_DeleteTicket.prm" Filter="2" />
    <FileEntry Name="globals.h" Filter="2" />
    <FileEntry Name="combined_UC5_DeleteTicket.c" Filter="2" />
    <FileEntry Name="pre_cci.c" Filter="2" />
    <FileEntry Name="170086875440.idx" Filter="1" />
    <FileEntry Name="17008687544_ivA.514.idx" Filter="1" />
    <FileEntry Name="17008687544_ybR.416.idx" Filter="1" />
    <FileEntry Name="212838738440.idx" Filter="1" />
    <FileEntry Name="21283873844_1hp.913.idx" Filter="1" />
    <FileEntry Name="21283873844_2hA.261.idx" Filter="1" />
    <FileEntry Name="21283873844_2m0.653.idx" Filter="1" />
    <FileEntry Name="21283873844_2WX.347.idx" Filter="1" />
    <FileEntry Name="21283873844_4Z7.601.idx" Filter="1" />
    <FileEntry Name="21283873844_6d8.791.idx" Filter="1" />
    <FileEntry Name="21283873844_6Jn.209.idx" Filter="1" />
    <FileEntry Name="21283873844_A0D.147.idx" Filter="1" />
    <FileEntry Name="21283873844_aon.285.idx" Filter="1" />
    <FileEntry Name="21283873844_B4R.311.idx" Filter="1" />
    <FileEntry Name="21283873844_B6V.617.idx" Filter="1" />
    <FileEntry Name="21283873844_D28.583.idx" Filter="1" />
    <FileEntry Name="21283873844_D9u.985.idx" Filter="1" />
    <FileEntry Name="21283873844_dF2.425.idx" Filter="1" />
    <FileEntry Name="21283873844_Drq.335.idx" Filter="1" />
    <FileEntry Name="21283873844_Ess.789.idx" Filter="1" />
    <FileEntry Name="21283873844_FI5.253.idx" Filter="1" />
    <FileEntry Name="21283873844_gz5.739.idx" Filter="1" />
    <FileEntry Name="21283873844_h5k.389.idx" Filter="1" />
    <FileEntry Name="21283873844_Haq.859.idx" Filter="1" />
    <FileEntry Name="21283873844_HJU.95.idx" Filter="1" />
    <FileEntry Name="21283873844_jAH.337.idx" Filter="1" />
    <FileEntry Name="21283873844_kfj.759.idx" Filter="1" />
    <FileEntry Name="21283873844_Lb8.163.idx" Filter="1" />
    <FileEntry Name="21283873844_lJZ.839.idx" Filter="1" />
    <FileEntry Name="21283873844_MB3.993.idx" Filter="1" />
    <FileEntry Name="21283873844_mkN.35.idx" Filter="1" />
    <FileEntry Name="21283873844_nDN.407.idx" Filter="1" />
    <FileEntry Name="21283873844_NGA.813.idx" Filter="1" />
    <FileEntry Name="21283873844_NHR.623.idx" Filter="1" />
    <FileEntry Name="21283873844_NV9.781.idx" Filter="1" />
    <FileEntry Name="21283873844_o9F.47.idx" Filter="1" />
    <FileEntry Name="21283873844_oVV.693.idx" Filter="1" />
    <FileEntry Name="21283873844_r0k.513.idx" Filter="1" />
    <FileEntry Name="21283873844_raK.13.idx" Filter="1" />
    <FileEntry Name="21283873844_s8a.539.idx" Filter="1" />
    <FileEntry Name="21283873844_tqf.453.idx" Filter="1" />
    <FileEntry Name="21283873844_u9p.27.idx" Filter="1" />
    <FileEntry Name="21283873844_V9t.855.idx" Filter="1" />
    <FileEntry Name="21283873844_vky.147.idx" Filter="1" />
    <FileEntry Name="21283873844_vrk.559.idx" Filter="1" />
    <FileEntry Name="21283873844_vRm.157.idx" Filter="1" />
    <FileEntry Name="21283873844_w9s.197.idx" Filter="1" />
    <FileEntry Name="21283873844_Wmf.255.idx" Filter="1" />
    <FileEntry Name="21283873844_xSA.737.idx" Filter="1" />
    <FileEntry Name="21283873844_XSM.317.idx" Filter="1" />
    <FileEntry Name="21283873844_Xvd.695.idx" Filter="1" />
    <FileEntry Name="21283873844_Xw8.415.idx" Filter="1" />
    <FileEntry Name="21283873844_ych.583.idx" Filter="1" />
    <FileEntry Name="21283873844_ynd.611.idx" Filter="1" />
    <FileEntry Name="21283873844_ZQq.121.idx" Filter="1" />
    <FileEntry Name="21283873844_zz7.757.idx" Filter="1" />
    <FileEntry Name="Bookmarks.xml" Filter="1" />
    <FileEntry Name="Breakpoints.xml" Filter="1" />
    <FileEntry Name="CompilerLogMetadata.xml" Filter="1" />
    <FileEntry Name="custom_body_variables.txt" Filter="1" />
    <FileEntry Name="logfile.log" Filter="1" />
    <FileEntry Name="lrw_custom_body.h" Filter="1" />
    <FileEntry Name="mdrv.log" Filter="1" />
    <FileEntry Name="mdrv_cmd.txt" Filter="1" />
    <FileEntry Name="options.txt" Filter="1" />
    <FileEntry Name="output.bak" Filter="1" />
    <FileEntry Name="output.txt" Filter="1" />
    <FileEntry Name="OutputColoringDatabase.json" Filter="1" />
    <FileEntry Name="ReplaySummaryReport.xml" Filter="1" />
    <FileEntry Name="ScriptUploadMetadata.xml" Filter="1" />
    <FileEntry Name="TransactionsData.db" Filter="1" />
    <FileEntry Name="UC5_DeleteTicket.c.pickle" Filter="1" />
    <FileEntry Name="UC5_DeleteTicket.ci" Filter="1" />
    <FileEntry Name="UC5_DeleteTicket.prm.bak" Filter="1" />
    <FileEntry Name="UserTasks.xml" Filter="1" />
    <FileEntry Name="data\" Filter="1" />
    <FileEntry Name="result1\" Filter="1" />
  </GeneralFiles>
</VugenScriptMetadata>