<?xml version="1.0" encoding="utf-8"?>
<VugenScriptMetadata>
  <ScriptName>UC6_NewUserRegistration</ScriptName>
  <Protocol>Web - HTTP/HTML</Protocol>
  <ActionFiles>
    <FileEntry Name="vuser_init.c" Filter="2" />
    <FileEntry Name="Action.c" Filter="2" />
    <FileEntry Name="vuser_end.c" Filter="2" />
  </ActionFiles>
  <GeneralFiles>
    <FileEntry Name="UC6_NewUserRegistration.usr" Filter="4" />
    <FileEntry Name="default.cfg" Filter="4" />
    <FileEntry Name="default.usp" Filter="4" />
    <FileEntry Name="UC6_NewUserRegistration.prm" Filter="2" />
    <FileEntry Name="globals.h" Filter="2" />
    <FileEntry Name="combined_UC6_NewUserRegistration.c" Filter="2" />
    <FileEntry Name="pre_cci.c" Filter="2" />
    <FileEntry Name="193716657440.idx" Filter="1" />
    <FileEntry Name="19371665744_0KM.597.idx" Filter="1" />
    <FileEntry Name="19371665744_9S7.151.idx" Filter="1" />
    <FileEntry Name="19371665744_aSm.917.idx" Filter="1" />
    <FileEntry Name="19371665744_bg8.531.idx" Filter="1" />
    <FileEntry Name="19371665744_ciH.715.idx" Filter="1" />
    <FileEntry Name="19371665744_HJU.95.idx" Filter="1" />
    <FileEntry Name="19371665744_HZQ.789.idx" Filter="1" />
    <FileEntry Name="19371665744_JUK.609.idx" Filter="1" />
    <FileEntry Name="19371665744_n67.289.idx" Filter="1" />
    <FileEntry Name="19371665744_rcC.25.idx" Filter="1" />
    <FileEntry Name="19371665744_swE.409.idx" Filter="1" />
    <FileEntry Name="19371665744_Te1.131.idx" Filter="1" />
    <FileEntry Name="240281196440.idx" Filter="1" />
    <FileEntry Name="243514449440.idx" Filter="1" />
    <FileEntry Name="Bookmarks.xml" Filter="1" />
    <FileEntry Name="Breakpoints.xml" Filter="1" />
    <FileEntry Name="CompilerLogMetadata.xml" Filter="1" />
    <FileEntry Name="custom_body_variables.txt" Filter="1" />
    <FileEntry Name="logfile.log" Filter="1" />
    <FileEntry Name="lrw_custom_body.h" Filter="1" />
    <FileEntry Name="mdrv.log" Filter="1" />
    <FileEntry Name="mdrvvVO.107.log" Filter="1" />
    <FileEntry Name="mdrv_cmd.txt" Filter="1" />
    <FileEntry Name="options.txt" Filter="1" />
    <FileEntry Name="output.bak" Filter="1" />
    <FileEntry Name="output.txt" Filter="1" />
    <FileEntry Name="OutputColoringDatabase.json" Filter="1" />
    <FileEntry Name="ReplaySummaryReport.xml" Filter="1" />
    <FileEntry Name="ScriptUploadMetadata.xml" Filter="1" />
    <FileEntry Name="TransactionsData.db" Filter="1" />
    <FileEntry Name="UC6_NewUserRegistration.c.pickle" Filter="1" />
    <FileEntry Name="UC6_NewUserRegistration.ci" Filter="1" />
    <FileEntry Name="UC6_NewUserRegistration.prm.bak" Filter="1" />
    <FileEntry Name="UserTasks.xml" Filter="1" />
    <FileEntry Name="data\" Filter="1" />
    <FileEntry Name="result1\" Filter="1" />
  </GeneralFiles>
</VugenScriptMetadata>